Subcatory;Item;Price;Discount
Towers;HP Pro desk 290 G1 Desktop- 7TH Gen - Intel Core i5 - 1TB HDD - 4GB RAM - OS Not Installed - Black;58000.0;-15.0
Towers;Louis will 2017 IPad/Pro 9.7/Air2/Air Keyboard Case Cover with Auto Sleep / Wake Comfortable Chocolate Keyboard for IPad Pro 9.7 and IPad Air 1/2;6319.0;-16.0
Towers;HP 290 G1 Core i5 Desktop 4GB RAM 1 TB HDD;59000.0;-16.0
Towers;HP EliteDesk 800 G1-Core i5 - 4GB RAM, 500GB HDD - 3.2GHz - Desktop CPU- Free DOS (No Monitor) - Black;41500.0;-31.0
Towers;HP HP ProDesk 400 G4 Microtower PC - 18.5" Monitor - Intel Core i7-7700 - 1TB HDD - 8GB RAM - Free DOS - Black;115000.0;-12.0
Towers;HP ELITEDESK 800 G1 TOWER CORE I5 - 4GB RAM-500 GB HDD-WIN7-TOWER DESKTOP ALONE;40100.0;-23.0
Towers;HP Z230 Tower Workstation – Intel Coe i7 - 1TB HDD – Windows 8.1 Pro – Black;94000.0;null
Towers;HP Z230 tower workstation;95000.0;null
Towers;HP 290 G1 Desktop - 18.5" - 7TH Gen - Intel Core i5 - 500GB HDD - 4GB RAM - OS Not Installed - Black;59999.0;null
Towers;HP ProDesk 400 Microtower PC - 18.5" Monitor - Intel Core i5 - 500GB HDD - 4GB RAM - Free DOS - Black;62950.0;-9.0
Towers;HP ProDesk 400 G4 Microtower PC - 18.5" Monitor - Intel Core i7-7700 - 500GB HDD - 4GB RAM - Free DOS - Black;89999.0;-1.0
Towers;HP Pro 290G1 Desktop - 18.5" - No OS not Installed - Intel Core i5 - 500GB HDD - 8GB RAM - Black;67500.0;null
Juice;Splash Pineapple Juice - 1 Litre;93.0;-50.0
Juice;Splash Tropical Punch - 1 Litre;93.0;-50.0
Juice;Splash Orange Juice - 1 Litre;93.0;-50.0
Juice;Splash Simply Hibi Juice - 1 Litre;93.0;-50.0
Juice;Savanah Cocopine Juice - 2 Litres;250.0;null
Juice;Savanah Mango Juice - 2 Litres;250.0;null
Juice;Savanah Pineapple Juice - 2 Litres;250.0;null
Juice;Savanah Orange Juice - 2 Litres;250.0;null
Juice;Savanah Punch Juice - 2 Litres;250.0;null
Juice;Aquamist Fruit Juice 900ML- Tropical - 12 Bottles;1106.0;-16.0
Juice;Aquamist Fruit Juice 900ML- Guava - 12 Bottles;1106.0;-16.0
Juice;Pick N' Peel Tropical Mix - 1 Litre;199.0;-10.0
Juice;Pick N' Peel Tropical Mix - 1 Litre X 12PCS;2250.0;-4.0
Juice;Pick N' Peel Mango - 1 Litre;199.0;-10.0
Juice;Marche Lime Cordial - 700ml;220.0;-27.0
Juice;Pick N' Peel Mango - 1 Litre X 12PCS;2250.0;-6.0
Juice;Ante Barley Pure Barley Juice from New Zealand 3 packs of 10 Sachets, Each Sachet contains 3g of Pure Organic Barley Grass Powder;3750.0;-50.0
Juice;Treetop Dilute To Taste Juice - Strawberry & Banana 1case of - 3L *4;2250.0;null
Juice;Treetop Ready To Drink Mango - ( 2L x 6 );1920.0;null
Juice;Treetop Dilute To Taste - Orange -1L;400.0;null
Juice;Treetop Dilute To Taste Juice - Orange 1 case of 4* 3L;2250.0;null
Juice;Treetop Dilute To Taste Juice - Tropical - 1 case of 4*3L;2250.0;null
For Women;Wish for Women - Eau de Parfum - 75 ml;8500.0;null
For Women;Sparkling White Diamonds for Women - Eau de Toilette, 100ml;4000.0;-47.0
For Women;CALVIN KLEIN Endless Euphoria For Women EDP - 125ml;6500.0;-26.0
For Women;GUCCI Flora Gorgeous Gardenia for Women - Eau de Toilette, 100ml;9999.0;-33.0
For Women;White Diamond Brilliant for Women - Eau de Toilette, 100 ml;4000.0;-50.0
For Women;ELIZABETH ARDEN Pretty For Women EDP-100ml;6000.0;-29.0
For Women;ELIZABETH ARDEN Blue Grass For Women EDP – 100ml;5000.0;-29.0
For Women;ELIZABETH ARDEN Arden Beauty by Elizabeth Arden for Women Eau de Parfum, 100ml;2699.0;-64.0
For Women;MARC JACOBS Daisy Eau So Fresh Kiss for Women - Eau de Toilette, 75ml;9000.0;-38.0
For Women;ROBERTO MILANO Jennifer For Women 70 ml - Eau de Parfum;2999.0;-63.0
For Women;CALVIN KLEIN Pure Gold Euphoria for Women - Eau de Parfum, 100ML;6500.0;-35.0
For Women;JENIFFER LOPEZ Still for Women - Eau de Parfum, 100ml;3649.0;-57.0
For Women;Luron Tweety For Women EDP - 50 ml;144.0;-35.0
For Women;GUESS Guess Girl by Guess for Women Eau de Toilette, 100ml;2700.0;-65.0
For Women;GUESS Marciano for Women - Eau de Parfum, 100ml;7000.0;null
For Women;CALVIN KLEIN CK Beauty By Calvin Klein For Women EDP;4200.0;-53.0
For Women;BRITNEY SPEARS Midnight Fantasy by Britney Spears for Women Eau de Parfum, 100ml;3199.0;-56.0
For Women;CALVIN KLEIN Downtown for Women - Eau de Parfum, 90ml;4500.0;-51.0
For Women;DAVIDOFF Cool Water Wave For Women EDT - 100 ml;7000.0;null
For Women;AZZARO Club Women for Women - EDT, 75ml;3999.0;-50.0
For Women;CALVIN KLEIN CK IN2U for HerFor Women Eau de Toilette - 100ml;3499.0;-54.0
For Women;BRITNEY SPEARS Fantasy Intimate Edition for Women - Eau de Parfum, 100ml;4999.0;-50.0
For Women;CALVIN KLEIN CK One Shock for Women - Eau de Toilette, 200ml;4900.0;-51.0
For Women;CALVIN KLEIN Euphoria Blossom for Women - EDT, 100ml;5499.0;-50.0
Screen Protectors;Generic ENKAY Hat-Prince for Blackberry Priv 0.26mm 9H Surface Hardness 2.5D Explosion-proof Tempered Glass Screen Film;1141.0;null
Screen Protectors;Generic 10 PCS Huawei Mate 9 Pro 0.26mm 9H Surface Hardness 2.5D Explosion-proof Tempered Glass Non-full Screen Film;1709.0;null
Screen Protectors;Generic Tempered Glass Protective Anti-scratch Steel Film for Huawei Mate 9 Pro CL;250.0;-49.0
Screen Protectors;Generic X509 (zero) Screen Protector-Clear;499.0;-50.0
Screen Protectors;Nillkin 0.2mm 2.5D Tempered Glass Film Set For Mate 9 H + Pro - Transparent;979.0;-30.0
Screen Protectors;Huawei Ascend Y625 – Tempered Glass Protector – Clear;579.0;-40.0
Screen Protectors;Generic Huawei Honor 8 0.26mm 9H Surface Hardness Explosion-proof Silk-screen Tempered Glass Full Screen Film (Black);690.0;-30.0
Screen Protectors;UNIVERSAL Samsung Galaxy S6 Edge+ Plus 0.3mm 9H 3D Curved Full Screen CoverTempered Glass Screen Protector (Color:Black);3699.0;-43.0
Screen Protectors;Generic ENKAY Hat-Prince For Google Letv Le Pro3 0.26mm 9H Hardness 2.5D Explosion-proof Non-full Screen Tempered Gl Screen Film;599.0;-33.0
Screen Protectors;Generic For HTC 10 Evo 0.3mm 9H Surface Hardness 2.5D Curved Silk-screen Full Screen Tempered Gl Screen Protector(White);499.0;-38.0
Screen Protectors;Generic For Xiaomi Redmi Note 4 0.26mm 9H Surface Hardness Explosion-proof Silk-screen Tempered Gl Screen Film;499.0;-38.0
Screen Protectors;ENKAY ENKAY Hat-Prince Xiaomi Redmi 5A 0.2mm 9H Surface Hardness 3D Explosion-proof Full Screen Carbon Fiber Soft Edges Tempered Glass Screen Film (White);590.0;-34.0
Screen Protectors;Generic ENKAY Hat-Prince For Samsung Galaxy S9+ 3D Full Screen PET HD Screen Protector Film(Black);599.0;-33.0
Screen Protectors;Generic Huawei P10 Plus 0.26mm 9H Surface Hardness Explosion-proof Non-full Screen Tempered Glass Screen Film;590.0;-34.0
Screen Protectors;Generic 0.26mm 9H+ Surface Hardness 2.5D Explosion-proof Tempered Gl Film For Samsung Galaxy Note 5 / N920;399.0;-33.0
Screen Protectors;Generic For Blackberry Priv 0.26mm 9H Surface Hardness 3D Curved Explosion-proof Colorized Silk-screen Tempered Gl Full Screen Film(Black);599.0;-33.0
Screen Protectors;Generic Huawei Mate 10 Pro 9H Surface Hardness 2.5D Curved Edge HD Explosion-proof Tempered Glass Screen Protector (Black);690.0;-30.0
Screen Protectors;Generic ENKAY Hat-Prince For Huawei P20 Lite 0.1mm TPU+TPE+PET Material 3D Full Screen Explosion-proof Soft Screen Protector Water Condensate Film;799.0;-33.0
Screen Protectors;Generic Xiaomi Redmi 5A 0.26mm 9H Surface Hardness 2.5D Curved Edge Tempered Glass Screen Protector;590.0;-34.0
Screen Protectors;Generic For Huawei Mate 8 0.26mm 9H+ Surface Hardness 2.5D Curved Explosion-proof Tempered Gl Film;399.0;-33.0
Screen Protectors;Generic 0.3mm 3D Curved Explosion-proof Colorized Tempered Gl Full Screen Film With Titanium Alloy Edge For IPhone 6 Plus & 6s Plus(Grey);699.0;-36.0
Screen Protectors;Generic LOPURS 0.2mm 9H Surface Hardness 3D Curved Surface Full Screen Cover Explosion-proof Tempered Gl Film For Galaxy S6 Edge(Gold);599.0;-33.0
Screen Protectors;Generic For IPhone X Rear Camera Lens Protector Tempered Glass Protective Film;490.0;-29.0
Screen Protectors;Generic ENKAY Hat-Prince For Huawei Mate 10 Pro 0.26mm 9H Hardness 2.5D Curved Explosion-proof Tempered Gl Film;599.0;-33.0
Screen Protectors;Generic For Motorola Moto G5 Plus 0.26mm 9H Surface Hardness Explosion-proof Non-full Screen Tempered Gl Screen Film;399.0;-33.0
Screen Protectors;Generic For BlackBerry Keyone 0.3mm 9H Surface Hardness 3D Explosion-proof Full Screen Tempered Gl Screen Protector(Black);799.0;-33.0
Screen Protectors;Generic For ZTE Nubia M2 Lite 0.3mm 9H Surface Hardness 2.5D Curved Silk-screen Full Screen Tempered Gl Screen Protector(Gold);499.0;-38.0
Screen Protectors;Generic HD Back + Front Screen Protector For IPhone 6 & 6S;299.0;-40.0
Screen Protectors;Generic For Sony Xperia XZ1 0.26mm 9H Surface Hardness 3D Full Screen Tempered Gl Screen Protector(Transparent);799.0;-33.0
Screen Protectors;Generic For Sony Xperia XZ Premium 0.33mm 9H Surface Hardness 3D Silk-screen Full Screen Tempered Glass Screen Protector(Black);790.0;-34.0
Screen Protectors;UNIVERSAL Samsung Galaxy S6 Edge+ Plus 0.3mm 9H 3D Curved Full Screen Cover Tempered Glass Screen Protector (Color:Black);3699.0;-36.0
Screen Protectors;Generic 2 PCS For Huawei Y5 / Y5C / Y541 0.26mm 9H Surface Hardness 2.5D Explosion-proof Tempered Gl Screen Film;499.0;-38.0
Screen Protectors;Generic 2 PCS Xiaomi Redmi Note 5A 0.26mm 9H Surface Hardness 2.5D Explosion-proof Non-full Screen Tempered Glass Screen Film;590.0;-34.0
Screen Protectors;Generic 2 PCS For Motorola Moto G5 Plus 0.26mm 9H Surface Hardness Explosion-proof Non-full Screen Tempered Gl Screen Film;499.0;-38.0
Screen Protectors;Generic LOPURS 0.26mm 9H+ Surface Hardness 2.5D Explosion-proof Tempered Glass Film For Samsung Galaxy J7 / J700;590.0;-34.0
Screen Protectors;Generic For Samsung Galaxy S7 Edge / G935 0.26mm 9H Surface Hardness Explosion-proof Colorized Electroplating Tempered Glass Full Screen Film(Blue);790.0;-34.0
Screen Protectors;Generic For LG V20 0.26mm 9H Surface Hardness 2.5D Explosion-proof Tempered Glass Non-full Screen Film;590.0;-34.0
Men's Grooming;Sunsky Voltage Universal Fit Water Proof Triple Rotary Double Ring Blade Shaving Head Electric Rechargeable Shaver For Men, US Plug;6799.0;-33.0
Men's Grooming;Philips PHILIPS S100 / 02 Electric Shaver Double Heads Washing -BLUE;3260.0;-23.0
Men's Grooming;Generic LANDWIND Neck Massage Pillow Back Massager Cushion with Deep Heat Shiatsu Kneading for Neck Shoulder Back Muscle Pain-GRAY;9700.0;-23.0
Men's Grooming;Sunsky 220V 3 In 1 Water Proof Rechargeable Vibrissa Eyebrows Trimmer Body Hair Denudinghine Set, EU Plug(Pink);3599.0;-33.0
Men's Grooming;Philips PHILIPS S530 / 12 Electric Shaver Double Heads Washing-BLUE;8870.0;-23.0
Men's Grooming;Sunsky 220V Double Ring Three Head Rotary Electric Rechargeable Shaver For Men(Black+Gold);2999.0;-33.0
Men's Grooming;Sunsky Voltage Universal Fit Water Proof Triple Rotary Double Ring Blade Shaving Head USB Rechargeable Shaver For Men;6799.0;-33.0
Men's Grooming;KEMEI Kemei KM - 1210 3 in 1 Electric Nose Beard Ear Hair Trimmer-SILVER;1420.0;-23.0
Men's Grooming;KEMEI Kemei KM - 1619 Double Blade Floating Reciprocating Waterproof Rechargeable Men Electric Shaver-SILVER;2070.0;-23.0
Men's Grooming;Sunsky Cell Phone Razor Mini Micro USB Portable Electric Trimmer Shaver for Android Phones(Blue);999.0;-33.0
Men's Grooming;Sunsky SPORTSMAN Multi-functional Electric Rechargeable Vibrissa Hair Trimmer Beard Shaver And Denudinghine Set, EU Plug(Silver 220V);4999.0;-33.0
Men's Grooming;Sunsky Set Of Washable Manual Razor With Stainless Steel-Made Double Layer Classic Blade And Rubber Handle(black+silver);499.0;-38.0
Men's Grooming;Sunsky 8pcs Washable Stainless Steel-Made Double Layer Classic Blade For Men Razor(black+blue);299.0;-40.0
Men's Grooming;KEMEI Kemei KM - 2801 Comfortable Rechargeable Triple Floating Heads Electric Razor Shaver Beard with Trimmer for Men-BLUE;1340.0;-23.0
Men's Grooming;Sunsky 4 PCS Face Care Barber Shaving Razor Blade Refills Replacement Kit for Man;1599.0;-33.0
Men's Grooming;KEMEI Kemei KM - 3004A Reciprocating Multifunction Men Electric Facial Nose Ear Neck Eyebrow Hair Trimmer-WHITE;1250.0;-23.0
Men's Grooming;Generic POVOS PS2208 Men Electric Foil Shaver Rechargeable Wet / Dry Washable Razor-BLUE;1530.0;-23.0
Men's Grooming;GENERAL Natural Women Under Eye Pads Patches Anti-Wrinkle Dark Circle Remove Eye Pad;1568.0;-25.0
Men's Grooming;Sunsky Cell Phone Razor Mini 8 Pin Portable Electric Trimmer Shaver for iPhone(White);999.0;-33.0
Men's Grooming;GENERAL 24K Gold Facial Care Mask Personal Use Anti-Aging Dark Circle Eye Masks;1259.0;-25.0
Men's Grooming;Sunsky Washable Stainless Steel-Made Triple Layer Manual Razor Without Blade For Men(Black);399.0;-33.0
Men's Grooming;Generic WL - 2705 Sonic Vibration Facial Cleansing Brush Body Skin Electric Waterproof Massager - Golden;1180.0;-27.0
Men's Grooming;Sunsky 220v Two Rotary Double Ring Blade Shaving Head Electric Rechargeable Shaver For Men With Built-in Plug(Black);1799.0;-33.0
Men's Grooming;Generic Rs926 Rechargeable Razor Triple Blade Heads Electric Shaver for Men-BLACK;1440.0;-23.0
Men's Grooming;Sunsky SPORTSMAN Four-in-one Rechargeable Ear Nose Trimmer Electric Shaver Beard Face Eyebrows Hair Trimmer For Men, US Plug(Black, 110V);2199.0;-33.0
Men's Grooming;Sunsky Xiaomi ZHIBAI Men Electric Razor IPX7 Waterproof Rechargeable Mini Body Shaving;4199.0;-33.0
Men's Grooming;Sunsky Washable Stainless Steel-Made Double Layer Manual Razor Without Blade For Men(Grey);299.0;-40.0
Men's Grooming;Sunsky Cell Phone Razor Mini 8 Pin Portable Electric Trimmer Shaver for iPhone(Green);999.0;-33.0
Men's Grooming;Sunsky Cell Phone Razor Mini Micro USB & USB Portable Electric Trimmer Shaver for Android Phones & Devices with USB Ports(Blue);999.0;-33.0
Men's Grooming;Generic SID SS226 Rechargeable Electric Dual Floating Blade Shaving Razor Face Care-BLACK;1390.0;-23.0
Men's Grooming;KEMEI Kemei KM - 363 3 in 1 Rechargeable Electric 4 Floating Blade Washable Shaving Razor Face Care-GOLDEN;2310.0;-23.0
Men's Grooming;Sunsky Cell Phone Razor Mini 8 Pin Portable Electric Trimmer Shaver for iPhone(Blue);999.0;-33.0
Men's Grooming;Sunsky 10 PCS Professional Hairdressing Tools Scraper Blade Eyebrow Trimmer Shaving Scratching Hair Feather Blade(Silver);399.0;-33.0
Men's Grooming;Sunsky Multifunctional Shaver, Facial and Body Grooming Tool for Men;599.0;-33.0
Men's Grooming;Sunsky Hair Tools Double-sided Knife Hair Comb Hair Bangs Trimmer Thinning Device Hair Clipper(Pink);299.0;-40.0
Men's Grooming;Generic FLYCO FS829 Rotatable Dual Head Electric Shaver Cordless Rechargeable Razor-BLACK;1420.0;-23.0
Men's Grooming;GENERAL AFY Anti-Dark Circle Wrinkle Anti Puffiness Gold Snail Repair Eye Cream 30g;1875.0;-25.0
Men's Grooming;Sunsky Cell Phone Razor Mini Micro USB Portable Electric Trimmer Shaver for Android Phones(Green);999.0;-33.0
Men's Grooming;KEMEI Kemei KM - 6557 Reciprocating Rechargeable Electric Shaver-BLACK;1050.0;-23.0
Men's Grooming;KEMEI Kemei KM - 6635 3 in 1 Rechargeable Nose Beard Ear Sideburns Hair Trimmer-BLACK;1060.0;-23.0
Furniture;Kokobuy Elasticity Couch Sectional Sofa Furniture Slipcover 1/2/3 Seater 12 Colors;12029.0;null
Furniture;Kokobuy Digital STC-1000 Multipurpose Temperature Controller Thermostat With Sensor;1659.0;-41.0
Furniture;Generic Alarm Clock/Calendar/Thermometer Display Date/Time/Temperature Timer Digital LCD;997.0;-30.0
Furniture;Generic Home-Non-Woven Fabric Shoe Rack Stand Shelf Dustproof Multilayer Shoes Cabinet*Pink;1980.0;-66.0
Furniture;Generic 5Pcs Easy Pregnancy Screen Midstream HCG Test Predictor Home Essential*;388.0;-30.0
Furniture;Generic JIAFA JF-lron 60W Handheld Electric Soldering Iron, AC 220V, EU Plug;699.0;-36.0
Furniture;Generic 20Pcs Red Blue Scotchlocks Snap On Connector Wire Splicer Terminal;310.0;-30.0
Furniture;Generic Generic Auto Repair Tools Combination Spanner Socket 46 Sets Metric Hand Tools Sleeve Drivesocket Arbors Wrench;3814.0;-30.0
Furniture;Generic 10pcs Solder Iron Tips Welding Cleaning Absorbability Home Sponge Cleaner Lot;262.0;-30.0
Furniture;Generic Windmill Glass Beads Feather Windchimes Wall Hanging Home Decoration Gift;543.0;-30.0
Furniture;Generic Diffuser Humidifier Gifts Deep Wood Grain Light Wood Grain Lights Airhumidifier Filter Therapyaromadiffuser Wood;1338.0;-30.0
Furniture;Generic Hole Drill Bit Woodworking Drill Portable Hrome Vanadium Steel 5pcs Grinding Machine;1366.0;-30.0
Furniture;Generic Sucker Hook Hook Lovely 2PCS Color Random Kids Decorative Ladybug Wall Hooks Wall Cartoon;453.0;-30.0
Furniture;Generic PH Meter TDS Tester Aquarium Fishing Pool & Beverage Hydroponic Water Monitor;1318.0;-30.0
Furniture;Generic Digital Multimeter LCD Clamp AC DC Voltage Current Volt Amp Ohm Tester Meter;946.0;-30.0
Furniture;Generic DC900 Air Pump Fishing Aerator Fresh Quiet Oxygenated For Fish Tank Aquarium;783.0;-30.0
Furniture;Generic 12 Inch Silicone Non-slip Food Bread Barbecue BBQ Clip Tongs Kitchen Tools(Black);799.0;-33.0
Furniture;Generic Ice Cream Scoop Stainless Steel Cafe Accessories Dessert Party Restaurants Home;531.0;-30.0
Furniture;Generic 5W 3.5mm Ultra-thin USB A4 Paper LED Copy Pad Dimmable Digital Board Copy Desk Art Drawing Tracing Stencil Table Board;3399.0;-33.0
Furniture;Supreme Fabric L-Shape 5 Seater + Ottoman (Beige );48500.0;null
Furniture;Generic Leshery 65L 60*35*30cm Foldable Storage Bag Clothes Blanket Closet Sweater Organizer Box Charcoal;1123.0;-57.0
Furniture;Generic 2 PCS Anti-mosquito Silicone Repellent Bracelet Buckle Wristband Bugs Away, Suitable For Children And Adults, Length:23cm, Random Color Delivery;299.0;-40.0
Furniture;Chairs R Us New Arrival ! Ergonomic High-back Office Chair with Mesh Back and Fabric Seat;12500.0;-19.0
Furniture;Supreme Leather 6 Seater 3-2-1 (Black & White);150000.0;null
Furniture;Generic 3pcs Professional Adjustable Handmade Wood Soap Mold Cutter Slicer Tools Set;3087.0;-30.0
Furniture;Generic Quality Laser Edge Straight Line Guide Leveler Vertical Measure Tool Device;597.0;-30.0
Furniture;Roman Coimbra Wood Low Board TV Cabinet Tv Stand;38500.0;-14.0
Furniture;Generic Shoe Rack Organizer Stand Shelf Practical Animal Pattern Three Four Layers DIY Living Room Storage Cabinet Holder Shoeboxes;1440.0;-30.0
Furniture;Generic Traceless Manual Operation Wall Nailing Machine Nail Impactor?Nailer Wall Punch Creative Household Supplies Color:black;1251.0;-50.0
Furniture;DolphinEmpireHomes Maria Media Console Black & White Modern TV Stand;6999.0;-46.0
Furniture;Generic Large Capacity Canvas Standing Storage Bag Simple Laundry Toy Organizer With Handle Color:stitching Circle;895.0;-50.0
Furniture;Generic Allen Wrench Functional Pliers Hard Black 6 Inch Car Repair;1126.0;-30.0
Furniture;Generic Flat Screwdriver Tool Rubber Anti-skid Handle Steel Repairing Maintenance Tool*Black & Yellow;432.0;-64.0
Furniture;UNIVERSAL Home Chic Adjustable Double Shoe Rack Holder DIY Simple Portable Storage Rack;614.0;-50.0
Shoes;Generic Refined Women's Shoes Sexy Black Sliver Silver High Heels Shoes Spring Autumn Women Pumps Fashion Luxury Rhinestone Wedding Party Shoes04-black;3175.0;-30.0
Shoes;Generic Refined Women's Shoes Superior Quality Summer Style Comfortable Bohemia Platform Wedges Sandals For Lady Shoes High Platform Open Toe Flip Flops-blue;3024.0;-30.0
Shoes;Generic Refined Women's Shoes 2017 Women Sandals Summer Shoes Woman Flip Flops Plus Size 35-41 Fashion Women Beach Ladies Shoes-khaki;2886.0;-30.0
Shoes;Generic Refined Women's Shoes 2017 Spring Autumn Women Pumps Sexy Grey Gold Silver High Heels Shoes Fashion Luxury Rhinestone Wedding Party Shoes 06-grey;3175.0;-30.0
Shoes;Generic Refined Women's Shoes Sexy Black Sliver Silver High Heels Shoes Spring Autumn Women Pumps Fashion Luxury Rhinestone Wedding Party Shoes-red;3175.0;-30.0
Shoes;Generic Grace Spring Autumn Men's Canvas Shoes Sports Casual Youth Platform Shoes-gray;5999.0;-30.0
Shoes;Generic Grace Hight Quality Men Mountaineering Shoes Comfortable Casual Shoes Men Fashion Breathable Flats For Men Trainers Zapatos Hombre - Yellow;5999.0;-30.0
Shoes;Generic Refined Women's Shoes Sexy Black Sliver Silver High Heels Shoes Spring Autumn Women Pumps Fashion Luxury Rhinestone Wedding Party Shoes 03-brown;3175.0;-30.0
Shoes;Generic Refined Women's Shoes Sexy Black Sliver Silver High Heels Shoes Spring Autumn Women Pumps Fashion Luxury Rhinestone Wedding Party Shoes-red;3175.0;-30.0
Shoes;Generic Grace Spring And Summer Fashionable Men's Shoes Lazy Striped Men's Canvas Shoes-black;5999.0;-30.0
Shoes;Generic Refined Women's Shoes Sexy Black Sliver Silver High Heels Shoes Spring Autumn Women Pumps Fashion Luxury Rhinestone Wedding Party Shoes03-green;3175.0;-30.0
Shoes;Generic Refined Women's PU Leather Shoes Casual Lace-Up Chunky Heels Platform Shoes;2583.0;null
Shoes;Generic Refined Women's Shoes 02 Women's Leather Med Heels New High Quality Shoes Classic Pink&pink Pumps Shoes For Office Ladies Shoes-black;3361.0;-30.0
Shoes;Generic Refined Women's Shoes Sexy Black Sliver Silver High Heels Shoes Spring Autumn Women Pumps Fashion Luxury Rhinestone Wedding Party Shoes04-black;3175.0;-30.0
Shoes;Generic Generic Refined Women's Shoes Sexy Black Sliver Silver High Heels Shoes Spring Autumn Women Pumps Fashion Luxury Rhinestone Wedding Party Shoes 03-brown;3175.0;-30.0
Shoes;Generic Refined Women's Shoes Sexy Black Sliver Silver High Heels Shoes Spring Autumn Women Pumps Fashion Luxury Rhinestone Wedding Party Shoes03-green;3175.0;-30.0
Shoes;Generic Refined Women's Shoes Sexy Black Sliver Silver High Heels Shoes Spring Autumn Women Pumps Fashion Luxury Rhinestone Wedding Party Shoes 03-brown;3175.0;-30.0
Shoes;Generic Refined Women's Shoes 2017 Spring Autumn Women Pumps Sexy Green Gold Silver High Heels Shoes Fashion Luxury Rhinestone Wedding Party Shoes 09-green;3175.0;-30.0
Shoes;Generic Grace Hight Quality Men Mountaineering Shoes Comfortable Casual Shoes Men Fashion Breathable Flats For Men Trainers Zapatos Hombre - Grey;5999.0;-30.0
Shoes;Generic Refined Women's Shoes 2017 Spring Autumn Women Pumps Sexy Green Gold Silver High Heels Shoes Fashion Luxury Rhinestone Wedding Party Shoes 05-red;3175.0;-30.0
Shoes;Generic Refined Women's Shoes 2017 Spring Autumn Women Pumps Sexy Black Gold Silver High Heels Shoes Fashion Luxury Rhinestone Wedding Party Shoes 06-black;3175.0;-30.0
Shoes;Generic Slippers Summer Slip-On Flat Peep-Toe Pattern Rubber Sole Solid Color Open Toe;1240.0;-30.0
Shoes;Generic Refined Women's Shoes 2017 Spring Autumn Women Pumps Sexy Grey Gold Silver High Heels Shoes Fashion Luxury Rhinestone Wedding Party Shoes 06-grey;3175.0;-30.0
Shoes;Generic Womens Ladies Breathable Roma Style Flat Hollow Out Shoes Sandals Hole Slippers;983.0;-30.0
Shoes;Generic Casual Men Sneakers Round Toe Mesh Spliced Hook And Loop Shoes-BLACK WHITE;2719.0;-23.0
Shoes;Generic Refined Women's PU Leather Shoes Casual Lace-Up Chunky Heels Platform Shoes;2583.0;null
Shoes;Generic Women Beauty Bohemian Retro Tassel Flat Sandals Flip Flop T Strap Shoes;1723.0;-30.0
Accessories;Generic Creative Double Layers Soap Box Bathroom Soap Dish Sucker Holder Container;1298.0;null
Accessories;Generic Lilac Plastic Bathroom Organizer - Firm Sunction Cup;850.0;null
Accessories;Generic Toothpaste Dispenser Hands Free Automatic Tube Toothpaste Squeezer And Toothbrush Holder,White;740.0;null
Accessories;Generic Digital Glass Bathroom Scale;1299.0;-32.0
Accessories;UNIVERSAL Hequeen 2017Ladies Women Fashion Newest Toothbrush Holder Bathroom Kitchen Family Toothbrush Suction Cups Holder Wall Stand Hook Cups Organizer;364.0;-50.0
Accessories;Generic First Aid Kit Medical Emergency Bag Lightweight 35pcs/Set Canvas Treatment Pack;526.0;-30.0
Accessories;Generic Toothpaste Dispenser Hands Free Automatic Tube Toothpaste Squeezer And Toothbrush Holder;740.0;null
Accessories;UNIVERSAL Hequeen Multifunctional Toothbrush Racket Holder Storage Box Bathroom Makeup Accessories Products Sets Suction Hooks Kitchen Holder;795.0;-50.0
Accessories;Generic Silicon Toothbrush & Toothpaste Holder Bathroom Razor Storage Rack Decoration Color:green Specification:21.3X14.7X4cm;521.0;-55.0
Accessories;Generic 4 Layers Shower Corner Pole Caddy Shelf Holder Bathroom Storage Rack Organizer;4500.0;-18.0
Accessories;UNIVERSAL Electronic Pocket Mini Digital Gold Jewellery Weighing Scale 0.01g To 100 Gram;734.0;-61.0
Accessories;Generic Soap Dishes, Stainless Steel Soap Holder Basket with Strong Suction Cup, Wall Mount Bathroom Accessories Style:Silver plating Size:9*13;688.0;-50.0
Accessories;UNIVERSAL Hequeen New Cute Funny Cartoon Yellow / Red / Blue / Green Ladybug Sucker Suction Toothbrush Holder Hook;263.0;-50.0
Accessories;UNIVERSAL Hequeen Cute Funny Cartoon Ladybug Toothbrush Sucker Suction Hook Tooth Brush Holder;205.0;-50.0
Accessories;UNIVERSAL Hequeen Stylish Fashion Hot Sale Cute Funny Cartoon Green/Blue/Coffee Birds Sucker Suction Toothbrush Holder Home Hook;385.0;-50.0
Accessories;Generic 7 piece Bathroom Set - Floral Orange;2070.0;null
Accessories;UNIVERSAL Rectangle PU Leather Tissue Box Paper Napkin Box Pumping Carton;1495.0;-50.0
Accessories;Generic Soap Dish Holder Double Layers;550.0;null
Accessories;Generic 6pcs Bathroom set;2946.0;null
Accessories;UNIVERSAL Hequeen Cute Cartoon Animal Toothbrush Holder Suction Cup Hooks Bathroom Set Accessories Brush Cup Storage Box Holder Wash Cloth Clip Holder Bath Room Storage Hand Towel Rack Minion Tool Eco-Friendly Household Items Rabbit Cows Pig Cat Frog;222.0;-50.0
Accessories;Generic Nail-free Bathroom Towel Rack Traceless Storage Shelf Bath Towel Hanger Tower Bar Decoration Color:Green Specification:42cm*10.5cm*7.5cm;838.0;-50.0
Accessories;UNIVERSAL Hequeen Multifunctional Toothbrush Racket Holder Storage Box Bathroom Makeup Accessories Products Sets Suction Hooks Kitchen Holder;795.0;-50.0
Accessories;UNIVERSAL Hequeen 2017Ladies Women Fashion Newest Toothbrush Holder Bathroom Kitchen Family Toothbrush Suction Cups Holder Wall Stand Hook Cups Organizer;364.0;-50.0
Accessories;Generic 6pcs Bathroom set;2946.0;null
Accessories;Generic Stylish African Woman Shower Curtain Bathroom Curtain Decoration Specification:180-180cm Style:African girl;1302.0;-50.0
Accessories;UNIVERSAL Hequeen Cute Ladybird Creative Toothbrush Holder Strength Suction Cup Home Essential Kids Favorite!;274.0;-50.0
Accessories;Generic Pretty Cotton & Linen Tissue Box Cover Paper Towel Container Storage Case Decoration Style:Black and white triangle;242.0;-50.0
Accessories;Generic Wall-Mounted Liquid Soap Dispenser Pump Stainless Steel Plastic Shampoo Conditioner Holder Bathroom Shower Tool Specification:Single cylinder white;1333.0;-50.0
Accessories;Generic 6pcs Bathroom set;2946.0;null
Accessories;Generic Automatic Toothpaste Dispenser + Toothbrush Holder Set Family;998.0;-33.0
Accessories;UNIVERSAL Hequeen Cute Bathroom Toothbrush Holder With 3 Minute Timer Hourglass To Encourage Kids;451.0;-50.0
Accessories;Generic 1 Pcs Creative Simulation Rose Handmade Soap Gift Box Home Decoration Unique Gift Style:Blue Bear Square Box;3572.0;-50.0
Accessories;Generic New Bathroom Suction Cup Flat Mirror Window Glass Defog Wiper Squeegee Glass;329.0;-30.0
Accessories;Generic Tandem Type Linkable Hanging Storage Bag Home Bathroom Organizer For Toilet Articles Color:black;420.0;-50.0
Accessories;Generic Electric USB hot melt glue hook - White;580.0;-34.0
Accessories;Generic Lenuo For Huawei P10 PC Ultra-thin Impact Protection Case(Blue);799.0;-33.0
Accessories;Generic Leaf Style Magnetic Leather Case for Xiaomi Redmi 5 Plus, with Holder & Card Slots & Wallet & Photo Frame (Black);699.0;-36.0
Accessories;Generic For Huawei Y7 Prime 5.5" Inch Hard PC + Acrylic Luxury 3 In 1 Combo Anti-knock Armor Back Case Cover Shell 320789;1439.0;-27.0
Accessories;Generic For Galaxy S6 / G920 S Line Anti-slip Frosted TPU Protective Case(Red);399.0;-33.0
Accessories;Generic 0.33mm 9H 2.5D Tempered Glass Film for OnePlus 6;599.0;-33.0
Accessories;UNIVERSAL Hot Touch Stylus S Writing Pen For Samsung Galaxy Note 10.1 N8000;289.0;-60.0
Accessories;Generic Huawei Honor 8 0.26mm 9H Surface Hardness Explosion-proof Silk-screen Tempered Glass Full Screen Film (Black);690.0;-30.0
Accessories;Generic LCD Multimedia Projector Mini LED Projector Premium UC18 500: 1 School Home Cinema Indoor Office;4079.0;-30.0
Accessories;Generic Wired Gaming Headset Headphones With Microphone For Sony PS4 Play;770.0;-23.0
Accessories;Generic For Wiko Jerry Variegated Butterflies Pattern Transparent Soft TPU Protective Back Cover Case;399.0;-33.0
Accessories;Generic For Samsung Galaxy Note 8 Nostalgic Tape Style TPU+PC Protective Back Case(Green);599.0;-33.0
Accessories;Generic For Fitbit Alta Smart Watch Silicone Watchband, Length: About 23.8cm(Black);599.0;-33.0
Accessories;Generic GKK For Xiaomi Redmi 4X PC Three - Paragraph Shield 360 Degrees Full Coverage Protective Case Back Cover (Black + Red);599.0;-33.0
Accessories;Generic 0.26mm 9H 2.5D Tempered Glass Film for Sony Xperia XZ2 Premium;399.0;-33.0
Accessories;UNIVERSAL Samsung Galaxy S6 Edge+ Plus 0.3mm 9H 3D Curved Full Screen CoverTempered Glass Screen Protector (Color:Black);3699.0;-43.0
Accessories;Generic For IPhone 6 & 6s 360 Degree Shockproof Oil Spout Silicone Back Case + PC Cover Combination Protective Case(Rose Gold);599.0;-33.0
Accessories;Generic Back Cover + SIM Card Tray For Nokia Lumia 920(Black);1199.0;-33.0
Accessories;Generic For Samsung Galaxy A5 (2017) / A520 Butterflies Love Flowers Embossing Horizontal Flip Leather Case With Holder & Card Slots & Wallet & Lanyard(Grey);599.0;-33.0
Accessories;Generic ENKAY Hat-Prince For Google Letv Le Pro3 0.26mm 9H Hardness 2.5D Explosion-proof Non-full Screen Tempered Gl Screen Film;599.0;-33.0
Accessories;Generic Smart Ring Magic Ring Black Waterproof NFC Jewellry Wearable Devices Mobile Phones Finger Ring;418.0;-30.0
Accessories;Generic For HTC 10 Evo 0.3mm 9H Surface Hardness 2.5D Curved Silk-screen Full Screen Tempered Gl Screen Protector(White);499.0;-38.0
Accessories;Generic HUION 1060 PRO+ 10 X 6 Inch Big Active 2048 Levels 5080 LPI Resolution Graphic Drawing Tablet Board With Digital Pen;13099.0;-34.0
Accessories;Generic AC 100-240V 18W Universal Qualcomm Quick Charge 3.0 USB Port Wall Charger With Type C USB Cable Set, US Plug , For Samsung, Google, LG, Huawei, Nokia, Microsoft, Xiaomi, OnePlus(Black);1399.0;-33.0
Accessories;Generic For Xiaomi Redmi Note 4 0.26mm 9H Surface Hardness Explosion-proof Silk-screen Tempered Gl Screen Film;499.0;-38.0
Accessories;Generic New TECNO L8 Phone Case Artistic Soft TPU Back Cover Silicone Clear;459.0;-30.0
Accessories;Generic Magnetic Metal Frame Tempered Glass Phone Protective Back Case Cover for iPhone X 7 8 Plus Color:Black frame (transparent back cover) Models:iPhone7p/8p;618.0;-50.0
Accessories;Generic For IPhone 6 Plus & 6s Plus Electroplating Soft TPU Protective Cover Case (White);499.0;-38.0
Accessories;Generic For Samsung Galaxy A8 (2018) Pink Plum Blossom Pattern Oil Embossed Soft TPU Protective Back Case;499.0;-38.0
Accessories;Generic Profession Q50 OLED Display Children Kids Smart Wrist Watch GPS Tracker Watch -white;1987.0;-66.0
Accessories;Generic For Wiko U Feel Lite Tower Bicyle Pattern Transparent Soft TPU Protective Back Cover Case;399.0;-33.0
Accessories;Generic Bluetooth Earphone Polaroid Sunglasses 2 In 1 270 Degrees Rotation Binaural Stereo Outdoor UV Protection Sports Riding Glasses;1069.0;-30.0
Accessories;ENKAY ENKAY Hat-Prince Xiaomi Redmi 5A 0.2mm 9H Surface Hardness 3D Explosion-proof Full Screen Carbon Fiber Soft Edges Tempered Glass Screen Film (White);590.0;-34.0
Accessories;UNIVERSAL Genuine Leather Watch Band For Motorola Moto 360 Smart Watch+Tool;791.0;-60.0
Accessories;Generic GKK For Xiaomi Redmi 5A Three-paragraph 360 Degree Full Coverage PC Protective Case Back Cover (Black+Red);599.0;-33.0
Accessories;Generic Sports Blood Pressure/Oxygen Heart Rate Fitness Smart Watch Wrist Band BK;2754.0;-25.0
Accessories;Generic NILLKIN For Huawei P20 Lite Nature TPU Transparent Soft Protective Case Back Cover Case(Transparent);899.0;-36.0
Necklaces;Generic Gold plated snake chain necklace;300.0;null
Necklaces;Fashion Anime Attack On Titan Shingeki no Kyojin Metal Necklace Pendant Scouting Legion;438.0;null
Necklaces;Neworldline Women Bohemia The Stars Ladies Classic Fashion Sexy Beach Pendant Layers Of Necklace-Gold;500.0;null
Necklaces;Generic Silver Plated Snake Chain Necklace;300.0;null
Necklaces;Generic Hot Sale Skull Magician Flower Pendant Women’s Alloy Necklace Purple;288.0;-57.0
Necklaces;Generic Refined Jewellery Beautiful Shinningstar.ng Necklaces For Women Metal Circles Fashion Accessories Long Necklaces;1073.0;-30.0
Necklaces;Generic Refined Jewellery Beautiful Shinningstar.ng Necklaces For Women Peach Heart Peant Fashion Accessories;829.0;-30.0
Necklaces;Fashion High-end Fashion Jewelry In Europe And Top-selling Four-leaf Clover Crystal Zirco Necklace;287.0;-50.0
Necklaces;Fashion Europe And The United States Film And Television Ghosts And Wives Kind Of Murder Doll Head Necklace;328.0;-50.0
Necklaces;Generic 100% Food Grade Teething Teether Necklace Soft Beads For Chew Baby Toddler Nursing Jewelry Toy For Mom To Wear BPA Free;793.0;-50.0
Necklaces;Neworldline Funky Long Tassel Chain Bling Rhinestone Tribal Jewelry Necklace Earrings Set-Red;1000.0;null
Necklaces;Generic 925 Sterling Silver Fashion Unique Stone Pendant Crystal Rhinestone Necklace Chain Jewelry Accessory For Women Girls Gift;861.0;-50.0
Necklaces;Generic New Fashion Personality Jewelry Popular Beam Neck Element Tide Female Multi-layer Full Diamond Necklace Sweet Atmospheric Temperament Necklace;699.0;-25.0
Necklaces;Generic Refined Jewellery Beautiful Shinningstar.ng Necklaces For Women Wishing Bottle Peant Fashion Accessories;809.0;-30.0
Necklaces;Generic JURE Fashionable S925 Sterling Silver Pendant Rotatable Zirconia Sparkle Pendant Heart-shaped Necklace 18 Inch;1657.0;-50.0
Necklaces;Generic New Women Fashion Trend Handmade Jewelry Personality Wild Multi-color Natural Irregular Colored Translucent Turquoise Necklace;999.0;-25.0
Necklaces;Generic Lucky Elephant Shapes Pendant Chain Necklaces Elegant Jewelry For Lady Ornament;252.0;-30.0
Necklaces;Generic Women Crystal 3D Yarn Butterfly Chokers Invisible Necklace Accessories;269.0;-30.0
Necklaces;Fashion New Fashion Classic Game M9 Knife Csgo Claw Knife Alloy Necklace Men Jewelry Accessories;252.0;-50.0
Necklaces;Generic Fashion Unique Vintage Retro Metal Necklace Chain With Rhinestone Crystal Pendant Jewelry For Women Girls Gift Party;349.0;-50.0
Necklaces;Generic Creative Fashion Enamel Princess Dress Beads Pendant Jewelry DIY Accessories;244.0;-30.0
Necklaces;Generic New Women Accessories Religious Style Geometric Square Western Religion Statue Pendant Alloy Necklace;699.0;-25.0
Necklaces;Fashion Tanson Hot Sale Birthday Gift Necklace Dried Flower GlWish Bottle Pendant Necklace Lovely Cute Necklace Red;232.0;-50.0
Necklaces;Generic JURE S925 Solid Sterling Silver Chain Necklace The One Jewelry Zirconia 18 Inch;1540.0;-50.0
Necklaces;Generic Devil PU Leather Punk Lady Pendant Necklace Choker Jewelry Fashion Ornament Gift;273.0;-30.0
Necklaces;Generic Crystal Star Ball Glass Galaxy Pattern Pendant Beauty Necklace Jewelry Gifts;308.0;-30.0
Necklaces;Generic Bohemian Womens Rhinestone Geometric Type Gem Pendant Statement Necklace PK;403.0;-40.0
Necklaces;Generic Jewelry Necklace Football Stainless Steel Outdoor Ornament Fashion Trendy;303.0;-30.0
Necklaces;Generic Women Girl Fashion Unique 925 Sterling Silver Zircon Rhinestone Crystal Ceramic Heart Shape Ring Pendent Necklace Chain Jewelry For Party Wedding Gift;1081.0;-50.0
Necklaces;Fashion New Stylish Women's Girls' Glamorous Gold Plated Flower Opal Rhinestone Charm Pendant Chain Necklace NWA (Size: One Size);419.0;-50.0
Necklaces;Fashion Colorful Rainbow Flower Buttons Flag Crystal Pendant Necklace Glass Cabochon Chain Necklace;227.0;-50.0
Necklaces;Fashion Europe And America Jewelry Natural Stone Crystal Pendant Necklace Women Long Chain Necklaces Zircon Inlaid Sweater Chain Necklace;305.0;-50.0
Necklaces;Generic JURE Fashionable S925 Sterling Silver Pendant Rotatable Zirconia Sparkle Pendant Rose-shaped Necklace 18 Inch;1917.0;-50.0
Necklaces;Generic Pendant Necklace Chain Unisex 3 Colors Dumbbell Beauty Women Choker Men Gifts;298.0;-30.0
Necklaces;Generic Europe & America Trend Of Fashion Personality Exaggerated Diamond Double Snake Dance Leather Short Necklace;799.0;-25.0
Necklaces;Generic Pendant Necklace Necklace Fashion Alloy Gold Women Gifts Choker Chain Beauty;299.0;-30.0
Necklaces;Fashion Tanson Vintage Jewelry Crystal Chunky Choke Statement Pendant Chain Necklace Purple Purple;425.0;-50.0
Necklaces;Generic JURE Fashionable S925 Sterling Silver Pendant Rotatable Zirconia Sparkle Pendant Square Pendant Necklace18 Inch;1859.0;-50.0
Necklaces;Generic Romacci Shinning Hollow Pearl Owl Pendant Collar Chain Necklace Jewelry;390.0;-50.0
Dumbbells;Generic Black Vinyl Kettle Bell - 12KG;6500.0;null
Dumbbells;Generic I.5 Metres Weight Bar - 50 mm Diameter;4000.0;null
Dumbbells;Generic Black Vinyl Kettle Bell - 4KG;2500.0;null
Dumbbells;Fukang Spirulina Food Supplement. 500mg*100 tablets;3000.0;null
Dumbbells;Generic Dumbell bars;3400.0;-64.0
Dumbbells;Generic Dumbell bars;3400.0;-64.0
Dumbbells;Generic I.2 Metres Weight Bar - 50 mm Diameter;3500.0;null
Dumbbells;Generic VINYL SOFT DUMBBELL 1KG;1650.0;null
Dumbbells;Generic 30 kgs Dumbells Weights - 15Kgs Each Side;10500.0;null
Dumbbells;Generic I.8 Metres Weight Bar - 50 mm Diameter;5000.0;null
Dumbbells;JOEREX JD8315 - Barbell - 10KG - Chrome;6500.0;-35.0
Dumbbells;Generic Weight bar 1" X 47";4000.0;null
Dumbbells;JOEREX JD8315 - Barbell - 15KG - Chrome;8500.0;-15.0
Dumbbells;Generic Black Vinyl Kettle Bell - 8KG;4500.0;null
Dumbbells;Generic black vinyl kettle bell 2kg;1200.0;null
Dumbbells;Kansa 25kg pair fixed (Hexagon shaped) rubber dumbbells;28000.0;null
Dumbbells;Kansa Electroplating Dumbbell Set - 10+10kg - Silver;11999.0;null
Dumbbells;Kansa 30kg pair fixed (Hexagon shaped) rubber dumbbells;33000.0;null
Dumbbells;Sunsky Bioelectric Impedance BIA Skin Analyzer Skin Tester;1399.0;-33.0
Dumbbells;JXD JX-DS930 3-station Multi Gym - Black;155000.0;null
Dumbbells;Sunsky CK-101S Full Automatic Wrist Blood Pressure Monitor;2599.0;-33.0
Dumbbells;Generic 3 PCS NEOTEX HOT SHAPERS Abdomen Belt, Size: S;999.0;-33.0
Dumbbells;Sunsky BP3 Xiaomi BP3 iHealth Smart Blood Pressure Dock Portable Bluetooth 4.0 Blood Pressure Meter Monitor, Support iOS 7.0 and Above & Android 4.3 and Above(White);5499.0;-34.0
Dumbbells;Sunsky CK-W133 Full Automatic Wrist Cuff Blood Pressure Monitor;3399.0;-33.0
Dumbbells;Sunsky CooSpo H6 Bimodule Heartbeat Rate Chest Belt, Bluetooth and ANT+, Compatible with both Android and iOS System;4999.0;-33.0
Dumbbells;Generic 3 PCS NEOTEX HOT SHAPERS Abdomen Belt, Size: 5XL;1099.0;-35.0
Dumbbells;Generic Retractable Tape Measure Tailor Body Size Sewing Cloth Tapeline, Length: 1.5m (Random Color Delivery);399.0;-33.0
Dumbbells;Generic Magic Silm Bamboo Fiber Beauty Control Panties / Hot Genie Butt Lifter Shaper for Postpartum Women(Black);999.0;-33.0
Dumbbells;Generic 20kg dumbells-10kg on each side.;10000.0;-41.0
Dumbbells;Generic Back Health Support Band Correct Rectify Posture Beauty Belt / Underwear for Women, Size: M(Beige);1199.0;-33.0
Dumbbells;Generic 3 PCS NEOTEX HOT SHAPERS Abdomen Belt, Size: M;899.0;-36.0
Dumbbells;Generic 5 PCS Belly Slimming Wonder Patch;699.0;-36.0
Dumbbells;Generic 3 PCS NEOTEX HOT SHAPERS Abdomen Belt, Size: 6XL;1099.0;-35.0
Dumbbells;Sunsky RZ201 Monitor Fingertip Blood Oxygen Saturation Pulse Oximeter with LED Display, Display, CE & ROHS Certificates;2099.0;-34.0
Dumbbells;Generic 3 PCS NEOTEX HOT SHAPERS Abdomen Belt, Size: 4XL;1099.0;-35.0
Dumbbells;Sunsky Full Automatic Wrist Cuff Blood Pressure Monitor, 90 Set Memory;2099.0;-34.0
Dumbbells;Sunsky Multi-function Waterproof Wireless Heart Rate Monitor Watch;2299.0;-34.0
Dumbbells;Sunsky Fingertip Pulse Oximeter, Display Size: 30mm x 20mm(White);2399.0;-33.0
Dumbbells;Generic HP-Smart Muscle Trainer Fat Burning Massager Muscle Stimulator Abdominal Training Black;1310.0;-66.0
Dumbbells;Generic Elastic Sports Waist Support Wrap Back Brace Protector Slimming Belt Body Building Belt for Gymnastics(Black);1999.0;-33.0
Decorative Pillows;Generic Greeen fibre made throwpillow;450.0;null
Decorative Pillows;Generic OVER THE DOOR HANGER;550.0;-8.0
Decorative Pillows;Generic Flowery Fibre Made Throw Pillow-Multicolored;480.0;null
Decorative Pillows;Generic White & Gold Love Letters Printing Pillow Case - 45cm x 45cm;849.0;-29.0
Decorative Pillows;Generic Light Bulbs Pattern Fluorescent Self-adhesive Wall Stickers for Home Decoration, Size: 40cm x 30cm;999.0;-33.0
Decorative Pillows;Smart Bedding & Beyond Bed Pillow - Pink & Brown stripe;1295.0;-14.0
Decorative Pillows;Generic 3D Toy Story Removable Wall Art Stickers, Size: 59 x 58 x 0.3 cm;2399.0;-37.0
Decorative Pillows;Generic Emoji throw pillow;620.0;-2.0
Decorative Pillows;Generic Creative World Cup Football Team Throw Pillow Case (without Pillow Inner) Style:Russia Size:45*45cm polyester;479.0;-50.0
Decorative Pillows;Generic Decor Scandinavia Canvas Cotton Chevron Design Decorative Throw Pillow Cover 18 X 18 in. (Yellow);459.0;-50.0
Decorative Pillows;Generic Emoji throw pillows;630.0;null
Decorative Pillows;Generic Yellow Soft Linen Square Pillow Case Car Sofa Waist Throw Cushion Cover Home Decoration Style:S1368 Size:45*45cm;399.0;-50.0
Decorative Pillows;Generic Colorful Skull Series Pillow Car Cushions Pillowcase Household Bedding;1500.0;-40.0
Decorative Pillows;Generic 2014 New Arrival Christmas Snowman Custom Zippered Square Pillowcase 18x18 (one side) Cushion Cover Case Pillow18-874;405.0;-50.0
Decorative Pillows;Generic High Density Seat Cushion-Black;1350.0;null
Decorative Pillows;Generic Fashion 2018 World Cup Emblem Linen Decorative Pillow Case Soft Home Sofa Pillowcase Cover Style:C Size:45 * 45 polyester linen;382.0;-50.0
Decorative Pillows;Generic Decorative Throw Pillow - Assorted Designs & Color - 8 Pieces;4190.0;-25.0
Decorative Pillows;Generic Yellow Soft Linen Square Pillow Case Car Sofa Waist Throw Cushion Cover Home Decoration Style:S1367 Size:45*45cm;394.0;-50.0
Decorative Pillows;Generic Printed Pillow Cushion Cover Throw Pillow Case Home Decor (without Pillow Inner) Style:M Size:45*45 polyester;387.0;-50.0
Decorative Pillows;Generic cushion cover;650.0;-19.0
Decorative Pillows;Generic Nordic Style 3D Tree Pattern Printed Throw Pillow Case Linen Cotton Cushion Cover Creative Decoration For Sofa, Car, Office Covers;1200.0;null
Decorative Pillows;Generic 12 PCS 3D Hexagonal Mirror Wall Stickers Set, Size: 8*8cm(Silver);599.0;-33.0
Decorative Pillows;Generic Double Layer and Double Color Sequins Pattern Variable Back Cushion Pillow 40*40CM Color:white;657.0;-50.0
Decorative Pillows;Generic High Density Seat Cushion-Maroon;1350.0;null
Decorative Pillows;Generic Juanshi Set of 2 Piece 19` X 19` Decorative Throw Pillow Cover Cushion Case Color Deep Blue;719.0;-50.0
Decorative Pillows;Generic Decorative white and gold pillow covers;720.0;-40.0
Decorative Pillows;Generic Soft Comfortable Plush Pillow Case Home Sofa Pillowcase Car Office Back Cushion Covers Color:light Grey Size:45 * 45cm;692.0;-50.0
Decorative Pillows;Generic Juanshi Set of 2 Piece 19` X 19` Decorative Throw Pillow Cover Cushion Case Color Green;752.0;-50.0
Decorative Pillows;Generic Floor Pillow;2500.0;null
Decorative Pillows;Generic Decorative Throw Pillow Cover Canvas Cotton Chevron Design 18 X 18 In. (Aqua Blue);594.0;-50.0
Decorative Pillows;Generic Paris Eiffel Tower Furnishing Articles Model Photography Props Creative Household Gift, Size:5 x 2.1cm(Gold);299.0;-40.0
Decorative Pillows;Generic Christmas Pillow Sofa Waist Throw Cushion Cover Home Decor RD;444.0;-39.0
Decorative Pillows;Generic Simple Fashion Throw Pillow Cases Cafe Sofa Cushion Cover Home Decor;409.0;-40.0
Decorative Pillows;Generic Cute Elk Home Decoration Pillow Cases Car Cushion Covers;1500.0;-40.0
Decorative Pillows;Generic Printed Pillow Cushion Cover Throw Pillow Case Home Decor (without Pillow Inner) Style:I Size:45*45 Polyester;363.0;-50.0
Baby, Kids & Toys;PAMPERS Diapers, Pants ,Size 6, (16+ Kgs) Jumbo Pack (Count 48);899.0;-49.0
Baby, Kids & Toys;PAMPERS Diapers, Pants , Size 3, Jumbo Pack (Count 62);899.0;-49.0
Baby, Kids & Toys;PAMPERS Diapers, Baby Dry - Maxi Pack - Size 4 (Count 64);1485.0;null
Baby, Kids & Toys;PAMPERS Unisex Size 5, Junior Pack (Count 60);1485.0;null
Baby, Kids & Toys;Carter's Cotton Flannel Receiving Blankets(set of 4)- cool theme;850.0;-43.0
Baby, Kids & Toys;Kidful Baby Carrier, High Quality Adjustable Red Carrier, Suitable For Newborns, Infants, Toddlers.;1085.0;-55.0
Baby, Kids & Toys;PAMPERS Baby Dry Diapers (Unisex) Size 4 -Count 64;1490.0;-15.0
Baby, Kids & Toys;Kidful Baby Travel Bed Portable, High quality Mattress With Mosquito Net and Zipper - Pink;1200.0;-70.0
Baby, Kids & Toys;PAMPERS Pants Jumbo Pack - Size 5 - (12-18kg) - 52 Pieces;1450.0;-17.0
Baby, Kids & Toys;Cotton Flannel Receiving Blankets(set of 4)- Blue theme;850.0;null
Baby, Kids & Toys;Top 2 Reclining Infant car seat with base 0-7 years (Red);8500.0;-43.0
Baby, Kids & Toys;PAMPERS Unisex Size 5, Jumbo Pack (Count 60);1490.0;-15.0
Baby, Kids & Toys;Generic Doube Electric Breast Pump - White;4299.0;-46.0
Baby, Kids & Toys;Kidful Diaper Bag, Multi Pockets Waterproof Nappy Bag For Travel, Large Capacity and Stylish, brown;1150.0;-54.0
Baby, Kids & Toys;Generic Infant bouncer/rocker- Blue with white stars;5175.0;-35.0
Baby, Kids & Toys;Carter's Cotton Flannel Receiving Blankets(set of 4)- Green theme;850.0;-43.0
Baby, Kids & Toys;Cotton Flannel Receiving Blankets(set of 4)- pink theme;850.0;null
Baby, Kids & Toys;FOFOS LARGE - Size 4 (9-15kgs) - 8 Diapers (COUNT 64);1099.0;-55.0
Baby, Kids & Toys;Top 2 Reclining Infant car seat with base 0-7 years (Blue);7605.0;-49.0
Baby, Kids & Toys;Generic Two strap comfortable baby Carrier with extra padding- blue;720.0;-71.0
Baby, Kids & Toys;Kidful Baby WashCloths, Organic Cotton Soft & best for Newborn Sensitive Skin Baby Wipe, Set of 8 With BONUS Baby Socks;450.0;-44.0
Baby, Kids & Toys;Kidful Baby Travel Bed Portable, High quality Mattress With Mosquito Net and Zipper, Kidful Blue With Free Baby Socks;1250.0;-69.0
Baby, Kids & Toys;Carter's Cotton Flannel Receiving Blankets(set of 4)- cute theme;850.0;-43.0
Baby, Kids & Toys;Huggies Gold Junior (Size 5) 12 - 22Kgs, Count 38;1625.0;-4.0
Baby, Kids & Toys;Cotton Receiving Blankets(set of 4);855.0;-57.0
Baby, Kids & Toys;Generic Top 2 Infant Polka Dot Car Seat( 0- 7 years);7605.0;-49.0
Baby, Kids & Toys;PHOENIX Disposable Baby Diapers, Size 4 , Count 40;604.0;null
Baby, Kids & Toys;Bummies Premium Diapers - Medium : Size 3 (5-9 Kg) COUNT: 36PCS;752.0;-20.0
Baby, Kids & Toys;Cotton Flannel Receiving Blankets(set of 4)- pink;855.0;-57.0
Washers And Dryers;Bruhm BWM-TL100H Top Load Washing Machine - 10 Kg;27999.0;-32.0
Washers And Dryers;ARMCO ACD-011MT - Multipurpose Clothes Dryer - Pink;4995.0;-38.0
Washers And Dryers;Samsung WA75H4000HA: Top Load Active Dual Wash , 7.5KG, 700RPM - Silver;36999.0;-18.0
Washers And Dryers;RAMTONS RW/115 -Twin Tub 8Kg Washer - White;21490.0;null
Washers And Dryers;RAMTONS RW/114-Super Jumbo 12Kg/14 Gross Twin Tub Washer-White & Grey;27995.0;null
Washers And Dryers;RAMTONS RW/146- 8KG Washer + 6Kg Dryer- Silver;73995.0;null
Washers And Dryers;Von Hotpoint HPTT10 - Twin Tub Washing Machine - 10Kg - White;21995.0;null
Washers And Dryers;RAMTONS RW/116 - Twin Tub 10 Kg Washer- White;22595.0;null
Washers And Dryers;ARMCO AWM-TT550P - 5 KG - Twin Tub - Pump - Magic Filter - Air Dry Function - White;10995.0;-31.0
Washers And Dryers;RAMTONS RW/125 - Twin Tub Washer - Air Dry - 6Kg - White;17500.0;-6.0
Washers And Dryers;Generic Portable Lightweight Multi-purpose Round Collapsible Wash Basin Fruit Bowl Color:Medium Rose Red;1636.0;-57.0
Washers And Dryers;Generic Smart Frog W-GYQ01 Portable Electric Hang Dryer - EU Plug - White;3200.0;-36.0
Washers And Dryers;Von Hotpoint HPTT7 - Twin Tub Washing Machine - 7 Kg - White;17995.0;null
Washers And Dryers;RAMTONS RW/145-Front Load Fully Automatic 6Kg Washer 1200 RPM- Silver;35000.0;-12.0
Washers And Dryers;Generic Portable Lightweight Multi-purpose Round Collapsible Wash Basin Fruit Bowl Color:Medium Green;1818.0;-57.0
Washers And Dryers;Generic Portable Lightweight Multi-purpose Round Collapsible Wash Basin Fruit Bowl Color:Large Blue;1408.0;-57.0
Washers And Dryers;RAMTONS RW/129 - Top Load Semi Auto Washer Only - 6Kg - White;10999.0;-15.0
Washers And Dryers;Generic Generic Waterproof Shower Curtain With Tree Design;1082.0;-57.0
Washers And Dryers;RAMTONS RW/140-Magic Cube 16Kg Top Load Washer- White;49190.0;-20.0
Washers And Dryers;Generic Portable Lightweight Multi-purpose Round Collapsible Wash Basin Fruit Bowl Color:Small Green;706.0;-55.0
Washers And Dryers;UNIVERSAL Waterproof Washing Machine Zippered Top Dust Cover Protection Top /Front Cover Pink Flower;501.0;-61.0
Washers And Dryers;Geepas GSWM6427 Washing Machine- 22KG White;12999.0;-48.0
Washers And Dryers;Generic Portable Rectangle Soap Box With Drain Layer & Lid Stylish Soap Dish For Travel School Color:Pink;265.0;-54.0
Washers And Dryers;Generic Generic Xrow - 800A Portable Mini Dehumidifier Air Dryer Household-WHITE;22000.0;null
Washers And Dryers;ARMCO ACD-011MT - Multipurpose Clothes Dryer - Blue;7995.0;null
Washers And Dryers;UNIVERSAL 3M Washing Machine Dishwasher Drain Hose Extension Pipe W/ Bracket Kit;2590.0;-61.0
Washers And Dryers;Louis will TDS Digital Water Quality Tester Purity Meter Test Filter Pen 0-9999 PPM;1989.0;-20.0
Washers And Dryers;CANDY CW/101- Candy 8KG GV148D3S/1-80 FL Washing Machine- Silver;51990.0;-26.0
Washers And Dryers;Generic Portable Rectangle Soap Box With Drain Layer & Lid Stylish Soap Dish For Travel School Color:blue;264.0;-54.0
Washers And Dryers;Generic Portable Lightweight Multi-purpose Round Collapsible Wash Basin Fruit Bowl Color:Small Rose Red;712.0;-55.0
Washers And Dryers;CANDY CW/102- Candy 9KG GV159TWC3S/3-80 FL Washing Machine- Silver;55990.0;-25.0
Washers And Dryers;Generic Smart Frog KW-GYQ01 Hanging Clothes Dryer with Shoe Drying Tube - EU Plug - White;3600.0;-36.0
Washers And Dryers;Louis will (US PULG)(2017 NEW) Portable Folding Electric Air Drying Clothes Dryer , Timer Clothing Heater Clothes Hanger Sterilization Ultra Light 3.5LB - Blue;7412.0;-14.0
Washers And Dryers;Generic Portable Lightweight Multi-purpose Round Collapsible Wash Basin Fruit Bowl Color:Large Green;1513.0;-57.0
Washers And Dryers;RAMTONS RW/136 - 12Kg Magic Cube Top Load Washing Machine- Silver;43490.0;null
Washers And Dryers;UNIVERSAL Dryer Idler Pulley Roller Wheel For Whirlpool,Sears,AP3094197,PS334244,279640 MH;350.0;-59.0
Washers And Dryers;RAMTONS RW/128 - Front Load Washer with Dryer - White;69295.0;null
Washers And Dryers;RAMTONS RW/144-Front Load Fully Automatic 7Kg Washer 1400 RPM- Silver;45000.0;-15.0
Washers And Dryers;UNIVERSAL Waterproof Washing Machine Zippered Top Dust Cover Protection Top /Front Cover Red Flower;565.0;-59.0
Brakes;Generic 720*540 Effective Pixel PAL 50HZ / NTSC 60HZ CMOS II Universal Waterproof Car Rear View Backup Camera Aluminum Alloy Cover, DC 12V, Wire Length: 4m;2099.0;-34.0
Brakes;Generic 4.3 inch Security TFT Monitor for Car Rearview Parking Video Systems;3899.0;-34.0
Brakes;Generic 720*540 Effective Pixel PAL 50HZ / NTSC 60HZ CMOS II Waterproof Car Rear View Backup Camera With 4 LED Lamps for 2012-2014 Version Fox;1799.0;-33.0
Brakes;Generic JX-9488 720*540 Effective Pixel PAL 50HZ / NTSC 60HZ CMOS II Universal Waterproof Car Rear View Backup Camera With 2W 80LM 5000K White Light 4LED Lamp, DC 12V, Wire Length: 4m;3699.0;-34.0
Brakes;Generic Dual Head Universal 720*540 Effective Pixel PAL 50HZ / NTSC 60HZ CCD Waterproof Car Rear View Backup Camera With 24 LED Lamps(Black);8499.0;-34.0
Brakes;Generic 720?40 Effective Pixel PAL 50HZ / NTSC 60HZ CMOS II Waterproof Car Rear View Backup Camera With 4 LED Lamps for 2016 Version BWM 1 Series Hatchback Clubman;1899.0;-34.0
Brakes;Generic 720?40 Effective Pixel PAL 50HZ / NTSC 60HZ CMOS II Waterproof Car Rear View Backup Camera With 4 LED Lamps for Overseas Edition JingCheng;1799.0;-33.0
Brakes;Generic 720*540 Effective Pixel PAL 50HZ / NTSC 60HZ CMOS II Waterproof Car Rear View Backup Camera With 4 LED Lamps for 2014/2016 Version PEUGEOT 301;1799.0;-33.0
Brakes;Generic E318 Waterproof Car Rear View Camera, 120 Degree Wide Angle(Black);1999.0;-33.0
Brakes;Generic 2.4G Wireless DVD Car Rear View Night Vision Reversing Backup Camera with 7 LED , Wide viewing angle: 120*(WX320EBS)(Black);3199.0;-33.0
Brakes;Generic PZ-708 7.0 inch TFT LCD Car Rearview Monitor with Stand and Remote Control;7199.0;-33.0
Brakes;Generic PZ-710 7.0 inch TFT LCD Car Rearview Mirror Monitor with Remote Control, Support Bluetooth / MP5 Player;8399.0;-33.0
Brakes;Generic US license plate dedicated IP67 IP68 Waterproof 720 x 540 Pixels 120-170 Degree Breadth Car Rear View Backup Camera Reversing Camera with Infrared Night Vision Function;5099.0;-34.0
Brakes;Generic 2.4G DVD Wireless Car Rearview Reversing Parking Backup Color Camera, Wide viewing angle: 120 Degrees (WX2537BS)(Black);3999.0;-33.0
Brakes;Generic 720*540 Effective Pixel PAL 50HZ / NTSC 60HZ CMOS II Waterproof Car Rear View Backup Camera With 4 LED Lamps for 2013-2015 Version CITROEN Elysee;1799.0;-33.0
Brakes;Generic 3.5 inch Folding Car Rearview LCD Monitor, 2 Channels AV Input;4099.0;-34.0
Brakes;Generic 720*540 Effective Pixel PAL 50HZ / NTSC 60HZ CMOS II Waterproof Car Rear View Backup Camera With 4 LED Lamps for 2011-2013 Version Eight Generation Accord;1799.0;-33.0
Brakes;Generic 720*540 Effective Pixel PAL 50HZ / NTSC 60HZ CMOS II Waterproof Car Rear View Backup Camera With 4 LED Lamps for 2010-2012 Version Golf6;1799.0;-33.0
Brakes;Generic 720*540 Effective Pixel PAL 50HZ / NTSC 60HZ CMOS II Waterproof Car Rear View Backup Camera With 4 LED Lamps for 2014-2016 Version X-Trail;1899.0;-34.0
Brakes;Generic 2.4G Wireless DVD Car Rear View Night Vision Reversing Backup Camera , Wide viewing angle: 120*(WX2837BS)(Black);3499.0;-34.0
Brakes;Generic 720*540 Effective Pixel PAL 50HZ / NTSC 60HZ CMOS II Waterproof Car Rear View Backup Camera With 4 LED Lamps for 2008-2012 Version Grand Vitra;1799.0;-33.0
Brakes;Generic 720?40 Effective Pixel PAL 50HZ / NTSC 60HZ CMOS II Waterproof Car Rear View Backup Camera With 4 LED Lamps for 11/13/15/16 Version Passat 11/13 Version Touareg 12/13 Version Sharran;1799.0;-33.0
Brakes;Generic 6018 LED 0.3MP Security Backup Parking IP68 Waterproof Rear View Camera, PC7070 Sensor, Support Night Vision, Wide Viewing Angle: 170 Degree(Black);2599.0;-33.0
Brakes;Generic 720*540 Effective Pixel PAL 50HZ / NTSC 60HZ CMOS II Waterproof Car Rear View Backup Camera With 4 LED Lamps for 2010-2013 Version X-Trail;1799.0;-33.0
Brakes;Generic E-Brake Hydraulic Drift Handbrake Hand Brake Vertical Horizontal S14 AE86;4609.0;-30.0
Brakes;Generic 720*540 Effective Pixel Color HD Waterproof Night Vision Wide Angle Car Rear View Reverse Camera With 4 LED Lamps for 2012 Version Mazda5/2013 Version Mazda CX-9;1699.0;-35.0
Brakes;Generic 720*540 Effective Pixel PAL 50HZ / NTSC 60HZ CMOS II Waterproof Car Rear View Backup Camera With 4 LED Lamps for 2008-2010 Version BMW 3 Series/5 Series/ X5/X6/X1/1 Series Sedan;1799.0;-33.0
Brakes;Generic 720*540 Effective Pixel HD Waterproof 4 LED Night Vision Wide Angle Car Rear View Backup Reverse Camera for 2013-2017 Version Mazda CX-5/2010-2011 Version Mazda CX-7;1799.0;-33.0
Brakes;Generic 720*540 Effective Pixel PAL 50HZ / NTSC 60HZ CMOS II Waterproof Car Rear View Backup Camera With 4 LED Lamps for 2016 Version Accord;1899.0;-34.0
Brakes;Generic 720*540 Effective Pixel PAL 50HZ / NTSC 60HZ CMOS II Waterproof Car Rear View Backup Camera With 4 LED Lamps for 2013 Version Cruze;1799.0;-33.0
Brakes;Generic Dual Head Universal 720*540 Effective Pixel PAL 50HZ / NTSC 60HZ CCD Waterproof Car Security Monitor Camera With 24 LED Lamps(White);8499.0;-34.0
Brakes;Generic 720*540 Effective Pixel PAL 50HZ / NTSC 60HZ CMOS II Waterproof Car Rear View Backup Camera With 4 LED Lamps for 2011-2016 Version Nissan Sunny;1799.0;-33.0
Brakes;Generic Car Buzzer Reverse Backup Radar System - Premium Quality 4 Parking Sensors Car Reverse Backup Radar System with LCD Display(Carbon Grey);2699.0;-34.0
Brakes;Generic 720*540 Effective Pixel PAL 50HZ / NTSC 60HZ CMOS II Waterproof Car Rear View Backup Camera With 4 LED Lamps for 2008-2010 Version Eight Generation Accord and 2014-2015 Version Nine Generation Accord;1799.0;-33.0
Brakes;Generic 720*540 Effective Pixel PAL 50HZ / NTSC 60HZ CMOS II Waterproof Car Rear View Backup Camera With 4 LED Lamps for 2015-2016 Version Cabbeen 2013-2016 Version Fluence;1799.0;-33.0
Brakes;Generic Car Buzzer Reverse Backup Radar System - Premium Quality 4 Parking Sensors Car Reverse Backup Radar System with LCD Display(Light Blue);2699.0;-34.0
Brakes;Generic Waterproof Wireless Butterfly DVD Rear View Camera With Scaleplate , Support Installed in Car DVD Navigator or Car Monitor , Wide Viewing Angle: 170 degree (WX003)(Black);3099.0;-34.0
Brakes;Generic Universal 720*540 Effective Pixel PAL 50HZ / NTSC 60HZ CMOS II Waterproof Car Rear View Backup Camera With 18 LED Lamps, DC 12-24V;2999.0;-33.0
Brakes;Generic 720*540 Effective Pixel PAL 50HZ / NTSC 60HZ CMOS II Waterproof Car Rear View Backup Camera With 4 LED Lamps for 2010-2012 Version Mondeo 2010-2014 Version Fox Hatchback;1799.0;-33.0
Brakes;Generic E-Brake Hydraulic Drift Handbrake Kit Vertical Horizontal S14 AE86 Black New;4609.0;-30.0
Cases & Covers;Infinix Note 4 Smart Cover - Black;99.0;-83.0
Cases & Covers;Infinix S2 Smart Cover - Black;99.0;-83.0
Cases & Covers;Infinix Zero 4 Smart Cover - Gold;99.0;-86.0
Cases & Covers;Infinix Note 4 Smart Cover - Gold;99.0;-83.0
Cases & Covers;Generic Huawei G8 Flower Pattern TPU Protective Case;532.0;null
Cases & Covers;Infinix Hot 5 TPU Case - Clear;99.0;-80.0
Cases & Covers;UNIVERSAL TOMKAS Oil Wax PU Leather Protective Case Card Slot Design For IPhone 5 / 5S / SE;2073.0;null
Cases & Covers;Neworldline New Combo Mobile Phone Protection Shell For Sony Xperia Z3 Mini Compact -Black;900.0;null
Cases & Covers;Volkano Car Cradle /holder for Mobile Phones - Black;750.0;-16.0
Cases & Covers;Generic Lenuo For Samsung Galaxy S8 Litchi Texture Pu + Pc Paste Skin Protective Case (red);1284.0;null
Cases & Covers;Neworldline Marble Texture Case For Apple Macbook Pro 13-inch laptop bag B-As Shown;2800.0;null
Cases & Covers;BlueLife Mirror Protective Shell Case For HuaWei P8 Lite - Rose Gold;800.0;null
Cases & Covers;Generic For Samsung Galaxy J3 (2016) / J310 Crazy Horse Texture Horizontal Flip Leather Case with Holder and Card Slots and Wallet and Photo Frame and Lanyard (Grey);1284.0;null
Cases & Covers;Neworldline Gel Heavy Duty Rugged Dual Layer Case With kickstand For LG G4 Green-Green;800.0;null
Cases & Covers;Infinix X510 (Hot 2) Flip Cover - Black;999.0;null
Cases & Covers;Neworldline Hybrid Armor Dual Layer 2 in 1 Hard Case For Lenovo A6000 BK- Balck;800.0;null
Cases & Covers;Generic Lenuo For Huawei P10 PC Ultra-thin Impact Protection Case(Blue);799.0;-33.0
Cases & Covers;Zmurud Zmurud Anti-Gravity Selfie Case Magical Nano Sticky Hard Case For Apple iPhone 7 Plus 5.5inch_Black;549.0;-54.0
Cases & Covers;Generic For Samsung Galaxy J1 Ace / J110H 0.75mm Ultra-thin Transparent TPU Protective Case;284.0;null
Cases & Covers;Generic Galaxy Note 4 - Plain Silicone Back Cover - Blue;500.0;null
Cases & Covers;Double Window Tecno J8 Flip Cover - Black;699.0;-50.0
Cases & Covers;Rich Boss Tecno H5 Flip Case - Pink;499.0;-50.0
Cases & Covers;Generic Mofi For Samsung Galaxy S7 Edge / G935 Crazy Horse Texture Leather Surface Pc Protective Case Back Cover(Blue);989.0;-40.0
Cases & Covers;Promate GripMate Finger Grip and Kick-stand for Smartphones – Pink;499.0;-29.0
Cases & Covers;Generic For Xiaomi Redmi 5A Cover Case;999.0;null
Cases & Covers;Generic Huawei Y7 Prime 3D Printed Soft TPU;999.0;null
Cases & Covers;Generic Leaf Style Magnetic Leather Case for Xiaomi Redmi 5 Plus, with Holder & Card Slots & Wallet & Photo Frame (Black);699.0;-36.0
Cases & Covers;Generic For Huawei Y7 Prime 5.5" Inch Hard PC + Acrylic Luxury 3 In 1 Combo Anti-knock Armor Back Case Cover Shell 320789;1439.0;-27.0
Cases & Covers;Generic For Galaxy S6 / G920 S Line Anti-slip Frosted TPU Protective Case(Red);399.0;-33.0
Cases & Covers;Generic Huawei Honor 5x / Huawei GR 5 Clear Soft TPU Case Multi color;999.0;null
Cases & Covers;Generic For Wiko Jerry Variegated Butterflies Pattern Transparent Soft TPU Protective Back Cover Case;399.0;-33.0
Cases & Covers;Generic For Samsung Galaxy Note 8 Nostalgic Tape Style TPU+PC Protective Back Case(Green);599.0;-33.0
Cases & Covers;Generic GKK For Xiaomi Redmi 4X PC Three - Paragraph Shield 360 Degrees Full Coverage Protective Case Back Cover (Black + Red);599.0;-33.0
